{
  "runs": [
    {
      "name": "fixed",
      "num_chunks": 44,
      "avg_chunk_size": 40.953159041394336,
      "p50_latency": 0.00031970907002687454,
      "p95_latency": 0.00048020868562161925,
      "latencies": [
        0.00031970907002687454,
        0.00013479101471602917,
        0.0004980419762432575
      ]
    },
    {
      "name": "semantic",
      "num_chunks": 45,
      "avg_chunk_size": 39.74313725490196,
      "p50_latency": 0.00020350003615021706,
      "p95_latency": 0.0006643379107117652,
      "latencies": [
        8.60830768942833e-05,
        0.00020350003615021706,
        0.0007155421189963818
      ]
    },
    {
      "name": "recursive",
      "num_chunks": 42,
      "avg_chunk_size": 38.773148148148145,
      "p50_latency": 0.00019254209473729134,
      "p95_latency": 0.0010956542333588003,
      "latencies": [
        0.0001016249880194664,
        0.00019254209473729134,
        0.001196000026538968
      ]
    }
  ],
  "timestamp": 1779269368.3209221
}