{
  "runs": [
    {
      "name": "fixed",
      "num_chunks": 44,
      "avg_chunk_size": 40.953159041394336,
      "p50_latency": 0.0002077920362353325,
      "p95_latency": 0.0004938416648656129,
      "latencies": [
        0.0002077920362353325,
        0.00014754105359315872,
        0.0005256249569356441
      ]
    },
    {
      "name": "semantic",
      "num_chunks": 45,
      "avg_chunk_size": 39.74313725490196,
      "p50_latency": 0.00018425006419420242,
      "p95_latency": 0.0005993749247863889,
      "latencies": [
        8.641602471470833e-05,
        0.00018425006419420242,
        0.0006454999092966318
      ]
    }
  ],
  "timestamp": 1779268850.8879209
}